id,first_name,last_name,email,gender,ip_address
1,Nicole,Anderson,nanderson0@nature.com,Female,50.217.23.136
2,Joe,Bradley,jbradley1@desdev.cn,Male,33.138.200.51
3,Randy,Cole,rcole2@dion.ne.jp,Male,248.58.247.225
4,Theresa,Lane,tlane3@geocities.jp,Female,195.105.184.232
5,Jerry,Green,jgreen4@netvibes.com,Male,202.205.103.6
6,Nicholas,Adams,nadams5@independent.co.uk,Male,5.175.199.2
7,Rose,Allen,rallen6@wikia.com,Female,73.160.55.183
8,Carlos,Reid,creid7@networkadvertising.org,Male,126.70.43.126
9,Jack,Hall,jhall8@weebly.com,Male,149.50.253.22
10,Peter,Carpenter,pcarpenter9@independent.co.uk,Male,99.238.138.41
11,Douglas,Fisher,dfishera@etsy.com,Male,242.210.193.138
12,Mark,Dean,mdeanb@indiegogo.com,Male,49.254.92.219
13,Brian,Perkins,bperkinsc@prnewswire.com,Male,5.226.23.175
14,Shawn,Banks,sbanksd@bloomberg.com,Male,112.224.5.220
15,Roger,Hunt,rhunte@symantec.com,Male,141.41.191.160
16,Ryan,Gonzalez,rgonzalezf@about.me,Male,209.157.26.223
17,Diane,George,dgeorgeg@feedburner.com,Female,1.63.30.23
18,Anthony,Nguyen,anguyenh@craigslist.org,Male,216.33.26.154
19,Jeremy,Bailey,jbaileyi@webs.com,Male,83.197.82.111
20,Alice,Burton,aburtonj@amazon.de,Female,140.211.237.126
21,Brenda,Bryant,bbryantk@vkontakte.ru,Female,52.143.75.16
22,Ryan,Hughes,rhughesl@reference.com,Male,221.16.207.74
23,Wanda,Woods,wwoodsm@bbc.co.uk,Female,179.157.127.159
24,Eric,Ramirez,eramirezn@altervista.org,Male,193.24.21.29
25,Linda,Myers,lmyerso@ask.com,Female,73.36.79.211
26,Phyllis,Torres,ptorresp@dailymail.co.uk,Female,22.69.189.92
27,Phyllis,Baker,pbakerq@nps.gov,Female,227.172.128.39
28,Marie,Mason,mmasonr@ucsd.edu,Female,32.233.153.207
29,Beverly,Hunter,bhunters@jimdo.com,Female,175.242.253.223
30,Ruby,Mason,rmasont@wikipedia.org,Female,51.154.184.105
31,Lori,Palmer,lpalmeru@wordpress.com,Female,97.188.231.196
32,Antonio,James,ajamesv@sciencedaily.com,Male,89.144.135.32
33,Bonnie,Gibson,bgibsonw@icio.us,Female,4.61.123.2
34,Kathleen,Clark,kclarkx@amazon.co.jp,Female,232.51.189.114
35,Matthew,Henry,mhenryy@woothemes.com,Male,227.108.59.28
36,Betty,Sullivan,bsullivanz@fda.gov,Female,2.97.47.161
37,Catherine,Jenkins,cjenkins10@cocolog-nifty.com,Female,162.219.118.98
38,Chris,Payne,cpayne11@indiegogo.com,Male,76.133.140.214
39,Randy,Mason,rmason12@wikispaces.com,Male,97.146.31.34
40,Virginia,Dean,vdean13@bloglovin.com,Female,135.168.48.90
41,Keith,Hunter,khunter14@ebay.co.uk,Male,103.218.230.201
42,Harold,Bishop,hbishop15@walmart.com,Male,116.195.6.155
43,Jeffrey,Montgomery,jmontgomery16@usnews.com,Male,119.48.132.158
44,Terry,Walker,twalker17@who.int,Male,162.76.132.62
45,Christine,Flores,cflores18@ebay.com,Female,249.159.62.210
46,Betty,Reyes,breyes19@soup.io,Female,72.239.18.170
47,Andrew,Clark,aclark1a@kickstarter.com,Male,16.240.0.156
48,Kathryn,Stone,kstone1b@imageshack.us,Female,215.52.74.184
49,Louis,Fuller,lfuller1c@auda.org.au,Male,23.150.215.246
50,Jason,Mason,jmason1d@goo.gl,Male,185.124.178.173
51,Ryan,Elliott,relliott1e@ibm.com,Male,139.132.72.224
52,Frank,Warren,fwarren1f@ca.gov,Male,112.22.56.24
53,Theresa,Palmer,tpalmer1g@stumbleupon.com,Female,51.61.36.228
54,Scott,King,sking1h@dailymail.co.uk,Male,69.49.253.173
55,Mark,Medina,mmedina1i@vimeo.com,Male,153.83.166.130
56,Scott,Duncan,sduncan1j@wired.com,Male,218.119.151.135
57,Christina,Morales,cmorales1k@dion.ne.jp,Female,244.98.189.66
58,Raymond,Butler,rbutler1l@technorati.com,Male,153.190.217.230
59,Emily,Morris,emorris1m@ebay.com,Female,171.7.36.84
60,Kevin,Willis,kwillis1n@friendfeed.com,Male,31.83.85.86
61,Rose,Edwards,redwards1o@cocolog-nifty.com,Female,106.122.197.184
62,Ruth,Turner,rturner1p@upenn.edu,Female,81.57.149.219
63,Phyllis,Baker,pbaker1q@tinypic.com,Female,138.253.147.175
64,Janet,Bryant,jbryant1r@cpanel.net,Female,247.140.90.90
65,Kimberly,Griffin,kgriffin1s@upenn.edu,Female,173.76.20.198
66,Chris,Snyder,csnyder1t@booking.com,Male,171.57.63.252
67,Dennis,Fernandez,dfernandez1u@admin.ch,Male,101.35.30.24
68,Deborah,Harvey,dharvey1v@salon.com,Female,180.108.216.205
69,Melissa,Jackson,mjackson1w@freewebs.com,Female,137.239.188.226
70,Andrew,Mason,amason1x@wordpress.org,Male,102.101.179.93
71,Steve,Garza,sgarza1y@springer.com,Male,41.227.71.7
72,Jeremy,Carr,jcarr1z@histats.com,Male,255.72.181.138
73,Keith,Howell,khowell20@deliciousdays.com,Male,97.58.207.64
74,Kevin,Smith,ksmith21@ifeng.com,Male,59.13.136.122
75,Heather,Murray,hmurray22@webs.com,Female,171.255.24.48
76,Jane,Vasquez,jvasquez23@i2i.jp,Female,200.197.36.71
77,Ashley,Fowler,afowler24@yelp.com,Female,169.38.33.200
78,Richard,Hunt,rhunt25@patch.com,Male,153.78.170.181
79,Howard,Olson,holson26@de.vu,Male,88.123.94.130
80,Frances,Myers,fmyers27@cyberchimps.com,Female,47.179.53.94
81,Jerry,Gonzales,jgonzales28@github.io,Male,8.211.211.147
82,Evelyn,Fowler,efowler29@wordpress.org,Female,197.219.75.235
83,Patrick,Jones,pjones2a@hud.gov,Male,116.122.78.82
84,Dorothy,Green,dgreen2b@cocolog-nifty.com,Female,253.61.0.137
85,Juan,Weaver,jweaver2c@illinois.edu,Male,138.35.40.34
86,Daniel,Romero,dromero2d@amazon.com,Male,107.188.64.105
87,Frances,Kim,fkim2e@phpbb.com,Female,241.157.152.104
88,Jack,Garcia,jgarcia2f@imdb.com,Male,49.122.191.136
89,Teresa,Price,tprice2g@google.com,Female,126.140.75.77
90,Jane,Jenkins,jjenkins2h@businessweek.com,Female,163.56.244.202
91,Louise,Marshall,lmarshall2i@foxnews.com,Female,214.151.249.36
92,Kathryn,Wright,kwright2j@dailymotion.com,Female,134.104.136.21
93,Andrew,Elliott,aelliott2k@reverbnation.com,Male,130.7.230.75
94,Alan,Owens,aowens2l@kickstarter.com,Male,48.140.207.47
95,Betty,Peters,bpeters2m@ocn.ne.jp,Female,110.112.129.84
96,Patrick,Wagner,pwagner2n@cbslocal.com,Male,97.123.242.44
97,Kelly,Stewart,kstewart2o@amazon.de,Female,75.218.55.48
98,Craig,Elliott,celliott2p@usatoday.com,Male,23.74.100.16
99,Louise,Gonzales,lgonzales2q@un.org,Female,74.150.199.208
100,Henry,Coleman,hcoleman2r@netlog.com,Male,51.109.128.11
101,Jesse,Lane,jlane2s@examiner.com,Male,245.134.90.197
102,Bobby,Hall,bhall2t@ucsd.edu,Male,112.103.172.32
103,Kathy,Gibson,kgibson2u@nba.com,Female,76.97.223.26
104,Nancy,Shaw,nshaw2v@aboutads.info,Female,80.64.187.135
105,Chris,Russell,crussell2w@nyu.edu,Male,54.137.15.90
106,Beverly,Torres,btorres2x@lulu.com,Female,92.27.84.135
107,Christine,Carroll,ccarroll2y@example.com,Female,100.10.79.147
108,Ruby,Miller,rmiller2z@addtoany.com,Female,42.137.213.97
109,Ryan,Carpenter,rcarpenter30@dedecms.com,Male,63.129.18.204
110,Janice,Patterson,jpatterson31@nhs.uk,Female,233.67.230.182
111,Teresa,Cooper,tcooper32@home.pl,Female,57.236.175.95
112,Jennifer,Lee,jlee33@linkedin.com,Female,80.129.39.64
113,Douglas,Knight,dknight34@yandex.ru,Male,236.236.166.210
114,Samuel,Robertson,srobertson35@skype.com,Male,137.69.110.200
115,Heather,Jordan,hjordan36@jiathis.com,Female,138.58.2.216
116,Nicole,Crawford,ncrawford37@prlog.org,Female,27.206.52.233
117,Chris,Brown,cbrown38@thetimes.co.uk,Male,90.38.88.78
118,Kathryn,Kennedy,kkennedy39@xing.com,Female,189.237.119.171
119,Brenda,Bryant,bbryant3a@ezinearticles.com,Female,184.99.221.101
120,Jeremy,Kelley,jkelley3b@yahoo.co.jp,Male,230.115.207.175
121,Judith,Spencer,jspencer3c@businesswire.com,Female,226.183.172.56
122,Kathy,Gonzales,kgonzales3d@simplemachines.org,Female,169.216.134.54
123,Roy,Howell,rhowell3e@networkadvertising.org,Male,40.80.196.120
124,Diana,Mills,dmills3f@amazonaws.com,Female,161.153.44.153
125,Randy,Moreno,rmoreno3g@istockphoto.com,Male,177.153.61.53
126,Heather,Porter,hporter3h@icq.com,Female,44.229.249.66
127,Paula,Richards,prichards3i@cdbaby.com,Female,140.59.250.170
128,Louise,Mitchell,lmitchell3j@bloomberg.com,Female,141.241.142.137
129,Katherine,Morales,kmorales3k@ifeng.com,Female,209.179.48.251
130,Phyllis,Roberts,proberts3l@kickstarter.com,Female,197.177.62.70
131,Nancy,Wheeler,nwheeler3m@ucla.edu,Female,169.223.107.247
132,Jane,Simpson,jsimpson3n@goo.gl,Female,112.226.91.156
133,Douglas,Ferguson,dferguson3o@vk.com,Male,84.193.35.201
134,Jason,Lewis,jlewis3p@smugmug.com,Male,63.39.230.160
135,Shawn,Garza,sgarza3q@comcast.net,Male,46.66.38.210
136,Frances,Cole,fcole3r@oakley.com,Female,203.234.178.159
137,Barbara,Ford,bford3s@cbc.ca,Female,134.111.139.190
138,Ernest,Payne,epayne3t@cpanel.net,Male,136.198.252.196
139,Anna,Burke,aburke3u@usa.gov,Female,154.189.206.70
140,Kathleen,Taylor,ktaylor3v@hostgator.com,Female,242.144.168.218
141,Sharon,Wallace,swallace3w@sakura.ne.jp,Female,53.209.107.37
142,Mildred,Bell,mbell3x@blog.com,Female,234.15.34.55
143,Janet,Dean,jdean3y@intel.com,Female,110.19.70.231
144,Roy,Bennett,rbennett3z@sina.com.cn,Male,235.252.210.94
145,Stephen,Bailey,sbailey40@patch.com,Male,96.165.232.115
146,Ruby,Nichols,rnichols41@patch.com,Female,192.166.170.122
147,Julia,Alvarez,jalvarez42@scribd.com,Female,203.46.144.221
148,Johnny,Thompson,jthompson43@dagondesign.com,Male,137.120.141.194
149,Scott,Olson,solson44@yellowpages.com,Male,194.172.207.54
150,Kenneth,Burke,kburke45@wsj.com,Male,242.79.39.229
151,James,Adams,jadams46@oaic.gov.au,Male,116.188.184.115
152,Christina,Andrews,candrews47@photobucket.com,Female,189.231.49.65
153,Lori,Turner,lturner48@state.tx.us,Female,94.156.45.232
154,Virginia,Henderson,vhenderson49@marketwatch.com,Female,209.155.227.191
155,Aaron,Cunningham,acunningham4a@who.int,Male,69.49.209.115
156,Jacqueline,Peters,jpeters4b@ebay.co.uk,Female,236.70.249.255
157,Tina,Stephens,tstephens4c@myspace.com,Female,19.114.14.60
158,Sarah,Nelson,snelson4d@state.tx.us,Female,19.129.120.196
159,Annie,Miller,amiller4e@bandcamp.com,Female,116.62.73.171
160,Peter,Richardson,prichardson4f@arstechnica.com,Male,21.165.33.95
161,Rose,Bradley,rbradley4g@surveymonkey.com,Female,75.31.126.185
162,Rebecca,Edwards,redwards4h@hud.gov,Female,77.114.235.115
163,Ruby,Dunn,rdunn4i@dmoz.org,Female,142.62.16.151
164,Jerry,Lee,jlee4j@java.com,Male,1.111.184.46
165,Doris,Murphy,dmurphy4k@yellowbook.com,Female,37.186.254.164
166,Frances,Meyer,fmeyer4l@columbia.edu,Female,213.61.202.2
167,Katherine,Duncan,kduncan4m@narod.ru,Female,216.67.131.237
168,Raymond,Banks,rbanks4n@uiuc.edu,Male,217.205.129.135
169,Daniel,Chapman,dchapman4o@multiply.com,Male,66.104.211.174
170,Ashley,Ruiz,aruiz4p@uiuc.edu,Female,187.76.72.172
171,Ralph,Bryant,rbryant4q@whitehouse.gov,Male,49.11.96.225
172,Timothy,Clark,tclark4r@marketwatch.com,Male,27.76.80.81
173,Lori,Mills,lmills4s@cargocollective.com,Female,60.207.84.112
174,Donna,Shaw,dshaw4t@wordpress.org,Female,171.64.210.150
175,Jacqueline,Hughes,jhughes4u@prnewswire.com,Female,241.84.197.104
176,Mark,James,mjames4v@hugedomains.com,Male,178.231.120.83
177,Ronald,Diaz,rdiaz4w@stumbleupon.com,Male,67.242.67.29
178,Joyce,Walker,jwalker4x@bluehost.com,Female,110.96.216.181
179,Maria,Spencer,mspencer4y@state.tx.us,Female,7.77.17.52
180,Kathleen,Owens,kowens4z@baidu.com,Female,84.193.11.12
181,Douglas,Sanchez,dsanchez50@exblog.jp,Male,7.216.2.237
182,Betty,Morgan,bmorgan51@youtube.com,Female,91.78.149.62
183,Annie,Foster,afoster52@chronoengine.com,Female,109.196.170.136
184,Russell,Mills,rmills53@joomla.org,Male,248.110.141.247
185,Harry,Willis,hwillis54@360.cn,Male,115.165.213.165
186,Tina,Stone,tstone55@twitter.com,Female,156.105.150.122
187,Steven,Wright,swright56@google.es,Male,198.1.171.177
188,Phillip,Fisher,pfisher57@theatlantic.com,Male,107.35.3.225
189,Aaron,Howard,ahoward58@ustream.tv,Male,14.74.139.131
190,Craig,Rice,crice59@oaic.gov.au,Male,102.109.94.59
191,Eric,Burke,eburke5a@seesaa.net,Male,17.244.121.187
192,Eric,Day,eday5b@freewebs.com,Male,84.230.15.49
193,Karen,Ramos,kramos5c@nasa.gov,Female,13.99.116.177
194,Johnny,Hawkins,jhawkins5d@google.es,Male,135.12.149.65
195,Joyce,Banks,jbanks5e@goodreads.com,Female,245.47.27.210
196,Justin,Carpenter,jcarpenter5f@addtoany.com,Male,19.67.54.32
197,Jessica,Holmes,jholmes5g@symantec.com,Female,38.76.218.157
198,Judith,Matthews,jmatthews5h@fastcompany.com,Female,74.253.19.142
199,Cheryl,Burns,cburns5i@pinterest.com,Female,76.44.8.35
200,Cynthia,Ryan,cryan5j@plala.or.jp,Female,15.143.245.157
201,Jesse,Hamilton,jhamilton5k@pcworld.com,Male,116.208.249.171
202,Jane,Ray,jray5l@edublogs.org,Female,185.169.76.55
203,Randy,Alvarez,ralvarez5m@amazon.co.uk,Male,214.116.117.97
204,Steve,Richardson,srichardson5n@wiley.com,Male,113.127.92.74
205,Jose,Hawkins,jhawkins5o@constantcontact.com,Male,105.122.118.194
206,Elizabeth,Weaver,eweaver5p@discovery.com,Female,59.1.204.87
207,Willie,Carroll,wcarroll5q@xrea.com,Male,13.114.15.77
208,Anthony,Reid,areid5r@msn.com,Male,57.210.147.62
209,Joyce,Tucker,jtucker5s@desdev.cn,Female,154.202.47.254
210,Donald,Burns,dburns5t@creativecommons.org,Male,172.219.64.245
211,Ruby,Alvarez,ralvarez5u@vistaprint.com,Female,140.4.171.134
212,Joshua,Jordan,jjordan5v@hhs.gov,Male,6.78.158.137
213,Helen,Anderson,handerson5w@amazon.com,Female,203.8.127.127
214,Jeffrey,Oliver,joliver5x@lycos.com,Male,90.204.22.49
215,Jennifer,Cole,jcole5y@hugedomains.com,Female,116.36.245.62
216,Frank,Smith,fsmith5z@amazonaws.com,Male,116.102.143.166
217,Shawn,Armstrong,sarmstrong60@feedburner.com,Male,28.227.221.46
218,Daniel,Graham,dgraham61@bigcartel.com,Male,130.114.87.103
219,Marie,Rivera,mrivera62@netscape.com,Female,8.178.210.189
220,William,Dean,wdean63@wikimedia.org,Male,54.195.211.124
221,Frances,Wallace,fwallace64@tamu.edu,Female,71.59.98.31
222,Cynthia,Gonzales,cgonzales65@shop-pro.jp,Female,24.231.69.15
223,Carl,Brooks,cbrooks66@miitbeian.gov.cn,Male,55.219.79.32
224,Kathleen,Moreno,kmoreno67@yellowbook.com,Female,165.86.66.210
225,Ralph,Robinson,rrobinson68@wikipedia.org,Male,24.133.186.78
226,Harry,Webb,hwebb69@harvard.edu,Male,207.100.213.58
227,Jeffrey,Perkins,jperkins6a@mac.com,Male,8.103.151.60
228,Judith,Fuller,jfuller6b@nhs.uk,Female,116.252.187.175
229,Arthur,Knight,aknight6c@baidu.com,Male,172.225.168.14
230,Melissa,Reid,mreid6d@kickstarter.com,Female,84.83.22.147
231,Joshua,Willis,jwillis6e@china.com.cn,Male,84.245.169.112
232,Jonathan,Day,jday6f@bigcartel.com,Male,185.16.15.83
233,Bobby,Palmer,bpalmer6g@cnet.com,Male,36.96.36.54
234,James,Walker,jwalker6h@quantcast.com,Male,88.6.58.58
235,Frances,Rice,frice6i@github.com,Female,49.101.9.111
236,Ralph,Matthews,rmatthews6j@nasa.gov,Male,149.235.59.247
237,Walter,Carter,wcarter6k@imgur.com,Male,46.102.51.97
238,Nancy,Palmer,npalmer6l@dmoz.org,Female,44.173.215.251
239,Beverly,West,bwest6m@discuz.net,Female,221.2.93.1
240,Paul,Hawkins,phawkins6n@quantcast.com,Male,121.107.234.191
241,Shawn,Ellis,sellis6o@cdbaby.com,Male,11.146.17.81
242,Stephanie,Pierce,spierce6p@ovh.net,Female,175.149.16.11
243,Judy,Johnston,jjohnston6q@naver.com,Female,99.118.146.207
244,Arthur,George,ageorge6r@archive.org,Male,149.183.15.176
245,Christine,Harris,charris6s@disqus.com,Female,223.9.134.22
246,Andrew,Bryant,abryant6t@moonfruit.com,Male,46.181.33.10
247,Peter,Nichols,pnichols6u@guardian.co.uk,Male,227.166.135.96
248,Albert,Hawkins,ahawkins6v@google.nl,Male,229.157.144.98
249,Aaron,Hayes,ahayes6w@intel.com,Male,219.175.146.94
250,Jacqueline,Gutierrez,jgutierrez6x@godaddy.com,Female,167.130.163.117
251,Harold,Frazier,hfrazier6y@washingtonpost.com,Male,205.133.167.240
252,Jesse,Hart,jhart6z@answers.com,Male,180.177.123.41
253,Christine,Simmons,csimmons70@mit.edu,Female,39.179.114.64
254,John,Wagner,jwagner71@timesonline.co.uk,Male,155.192.236.140
255,Victor,Carpenter,vcarpenter72@twitter.com,Male,255.200.238.62
256,Martha,Reid,mreid73@yellowbook.com,Female,75.105.97.190
257,Joshua,Carroll,jcarroll74@blogger.com,Male,96.243.47.20
258,Philip,Davis,pdavis75@bigcartel.com,Male,28.75.128.160
259,Joan,Edwards,jedwards76@cnet.com,Female,123.184.41.154
260,Wanda,Dunn,wdunn77@kickstarter.com,Female,91.253.230.239
261,Jerry,Chavez,jchavez78@etsy.com,Male,128.186.189.58
262,Craig,Andrews,candrews79@timesonline.co.uk,Male,146.25.243.255
263,Adam,Reed,areed7a@ycombinator.com,Male,128.5.252.6
264,Jason,Johnston,jjohnston7b@dailymail.co.uk,Male,179.73.58.161
265,Carolyn,Wells,cwells7c@macromedia.com,Female,33.161.76.27
266,Nicholas,Jones,njones7d@baidu.com,Male,246.51.175.97
267,David,Owens,dowens7e@geocities.com,Male,187.45.66.226
268,Doris,Martinez,dmartinez7f@facebook.com,Female,17.240.59.15
269,Craig,Little,clittle7g@canalblog.com,Male,163.143.7.134
270,Ernest,Shaw,eshaw7h@nbcnews.com,Male,242.181.84.1
271,Jeffrey,Rogers,jrogers7i@irs.gov,Male,26.203.85.223
272,Aaron,Bailey,abailey7j@com.com,Male,38.27.124.151
273,Phillip,Jackson,pjackson7k@cam.ac.uk,Male,188.47.150.76
274,Rose,Johnson,rjohnson7l@sitemeter.com,Female,123.196.223.75
275,Evelyn,Chavez,echavez7m@businessweek.com,Female,62.48.159.117
276,Doris,Tucker,dtucker7n@cmu.edu,Female,11.55.172.79
277,Laura,Snyder,lsnyder7o@bbc.co.uk,Female,185.69.223.81
278,Cheryl,Nelson,cnelson7p@ezinearticles.com,Female,240.184.207.84
279,Amy,Gonzalez,agonzalez7q@china.com.cn,Female,198.51.155.154
280,Ruth,Hughes,rhughes7r@princeton.edu,Female,190.110.180.103
281,Jessica,Jackson,jjackson7s@constantcontact.com,Female,91.27.31.56
282,Patrick,Harris,pharris7t@ow.ly,Male,186.109.165.15
283,Martha,Smith,msmith7u@google.com.hk,Female,65.56.33.123
284,Robin,Russell,rrussell7v@mozilla.com,Female,70.91.228.128
285,Douglas,Alexander,dalexander7w@arizona.edu,Male,219.85.93.201
286,Virginia,Harvey,vharvey7x@zimbio.com,Female,191.78.23.168
287,Nancy,Fisher,nfisher7y@yahoo.com,Female,89.141.161.227
288,Adam,Mason,amason7z@godaddy.com,Male,115.93.248.41
289,Anna,Harvey,aharvey80@tumblr.com,Female,136.78.119.125
290,Ashley,Barnes,abarnes81@indiatimes.com,Female,130.123.134.47
291,Ashley,Ortiz,aortiz82@google.es,Female,145.244.38.68
292,Brian,Cook,bcook83@mozilla.org,Male,92.112.30.246
293,Mark,Griffin,mgriffin84@skyrock.com,Male,165.157.248.153
294,Jacqueline,Weaver,jweaver85@moonfruit.com,Female,191.157.168.98
295,Joe,James,jjames86@patch.com,Male,113.44.254.53
296,Sarah,Wood,swood87@desdev.cn,Female,164.234.132.3
297,Kevin,Mccoy,kmccoy88@storify.com,Male,252.104.153.128
298,Fred,Oliver,foliver89@toplist.cz,Male,36.179.64.245
299,Alan,Peterson,apeterson8a@51.la,Male,141.160.225.196
300,William,Cook,wcook8b@amazon.co.jp,Male,23.3.191.90
301,Kathryn,Powell,kpowell8c@nydailynews.com,Female,10.68.46.23
302,Jack,Morales,jmorales8d@prlog.org,Male,39.109.23.198
303,Doris,Stanley,dstanley8e@wordpress.org,Female,158.254.15.150
304,Janice,Simmons,jsimmons8f@sun.com,Female,8.37.60.34
305,Elizabeth,Price,eprice8g@altervista.org,Female,114.189.35.233
306,Robin,Hall,rhall8h@clickbank.net,Female,142.218.167.160
307,Todd,Bryant,tbryant8i@studiopress.com,Male,113.254.53.45
308,Matthew,Bennett,mbennett8j@quantcast.com,Male,200.185.169.244
309,Sean,Warren,swarren8k@dailymail.co.uk,Male,50.219.246.134
310,James,Daniels,jdaniels8l@toplist.cz,Male,191.33.68.19
311,Annie,Brown,abrown8m@g.co,Female,51.54.121.11
312,Lisa,Andrews,landrews8n@ucoz.ru,Female,236.109.226.104
313,Ralph,Kim,rkim8o@github.com,Male,66.185.53.248
314,Wayne,Gibson,wgibson8p@goodreads.com,Male,98.181.235.81
315,Laura,Oliver,loliver8q@devhub.com,Female,71.164.56.115
316,Kelly,Willis,kwillis8r@clickbank.net,Female,104.254.61.58
317,Susan,Fernandez,sfernandez8s@creativecommons.org,Female,229.154.11.89
318,Gerald,Wilson,gwilson8t@csmonitor.com,Male,30.113.230.33
319,Christina,Walker,cwalker8u@nyu.edu,Female,149.251.72.39
320,Fred,Garza,fgarza8v@slideshare.net,Male,212.182.89.60
321,Anna,Lewis,alewis8w@ftc.gov,Female,154.244.15.177
322,Philip,Davis,pdavis8x@unblog.fr,Male,151.111.0.249
323,Rose,Tucker,rtucker8y@barnesandnoble.com,Female,200.131.149.210
324,James,Harvey,jharvey8z@hibu.com,Male,189.143.103.61
325,Roger,Cruz,rcruz90@liveinternet.ru,Male,55.213.148.159
326,Judy,Hill,jhill91@upenn.edu,Female,237.220.174.132
327,Jose,Peterson,jpeterson92@feedburner.com,Male,114.177.204.31
328,Melissa,Matthews,mmatthews93@marketwatch.com,Female,78.240.185.0
329,Emily,Matthews,ematthews94@pbs.org,Female,219.138.250.50
330,Brenda,Hayes,bhayes95@smugmug.com,Female,136.86.218.204
331,Julie,Myers,jmyers96@slideshare.net,Female,219.4.233.23
332,Amanda,Fisher,afisher97@cam.ac.uk,Female,7.91.110.60
333,Christine,Green,cgreen98@jugem.jp,Female,41.38.27.247
334,Martha,Woods,mwoods99@bbc.co.uk,Female,75.251.237.212
335,Patrick,Kim,pkim9a@java.com,Male,117.148.46.5
336,Gary,Willis,gwillis9b@skype.com,Male,136.32.236.164
337,Lawrence,Morrison,lmorrison9c@sitemeter.com,Male,97.65.146.111
338,Kathy,Elliott,kelliott9d@hostgator.com,Female,32.24.251.230
339,Debra,Hicks,dhicks9e@columbia.edu,Female,173.233.16.188
340,Kenneth,Arnold,karnold9f@last.fm,Male,176.194.242.102
341,Norma,Meyer,nmeyer9g@prlog.org,Female,131.148.29.225
342,Justin,Griffin,jgriffin9h@flavors.me,Male,99.185.43.230
343,Jesse,Reynolds,jreynolds9i@aol.com,Male,187.198.161.165
344,Douglas,Armstrong,darmstrong9j@dot.gov,Male,75.24.111.212
345,Margaret,Cooper,mcooper9k@bizjournals.com,Female,45.34.72.235
346,Julie,Johnston,jjohnston9l@netlog.com,Female,115.4.44.146
347,Barbara,Alvarez,balvarez9m@instagram.com,Female,115.23.12.152
348,Roger,Jackson,rjackson9n@epa.gov,Male,215.47.71.16
349,Brenda,Kelley,bkelley9o@so-net.ne.jp,Female,203.113.28.188
350,Margaret,Burton,mburton9p@opera.com,Female,182.159.7.25
351,William,Young,wyoung9q@163.com,Male,202.226.134.6
352,Jimmy,Morgan,jmorgan9r@aol.com,Male,72.23.136.50
353,Donna,Meyer,dmeyer9s@yolasite.com,Female,117.119.248.128
354,Janet,Ryan,jryan9t@themeforest.net,Female,217.36.182.186
355,Emily,Mitchell,emitchell9u@cnn.com,Female,52.53.14.22
356,Lawrence,Stanley,lstanley9v@nymag.com,Male,190.223.141.209
357,Carlos,Morris,cmorris9w@rediff.com,Male,19.246.89.192
358,Larry,Long,llong9x@discuz.net,Male,209.220.159.188
359,Johnny,Dixon,jdixon9y@sciencedaily.com,Male,130.65.248.7
360,Kathryn,Oliver,koliver9z@ft.com,Female,163.80.203.55
361,Aaron,Richards,arichardsa0@wikispaces.com,Male,185.146.154.190
362,Nancy,Banks,nbanksa1@typepad.com,Female,197.126.207.120
363,Louise,Collins,lcollinsa2@arizona.edu,Female,84.20.219.247
364,Aaron,Nelson,anelsona3@craigslist.org,Male,35.137.112.189
365,Shawn,Warren,swarrena4@imdb.com,Male,35.158.43.223
366,Martha,Long,mlonga5@fastcompany.com,Female,243.89.236.194
367,Jerry,Schmidt,jschmidta6@jigsy.com,Male,69.255.202.84
368,Juan,Johnston,jjohnstona7@naver.com,Male,92.145.149.156
369,Julie,Howell,jhowella8@va.gov,Female,106.149.229.243
370,Steven,Foster,sfostera9@slate.com,Male,151.82.66.163
371,Chris,Harper,charperaa@eventbrite.com,Male,229.166.84.143
372,Judith,Snyder,jsnyderab@discovery.com,Female,158.167.254.206
373,Harold,Lynch,hlynchac@vk.com,Male,102.166.28.156
374,Albert,George,ageorgead@seattletimes.com,Male,136.106.252.179
375,Roy,Little,rlittleae@istockphoto.com,Male,68.173.109.238
376,Howard,Watson,hwatsonaf@amazon.co.uk,Male,171.108.201.208
377,Willie,Reid,wreidag@shinystat.com,Male,124.251.105.17
378,Juan,Smith,jsmithah@storify.com,Male,204.79.165.133
379,Barbara,Hanson,bhansonai@friendfeed.com,Female,255.133.56.178
380,Randy,Armstrong,rarmstrongaj@constantcontact.com,Male,244.153.248.21
381,Clarence,Oliver,coliverak@senate.gov,Male,142.156.118.169
382,Jacqueline,Gilbert,jgilbertal@berkeley.edu,Female,118.223.20.99
383,Steve,Reynolds,sreynoldsam@sitemeter.com,Male,217.37.212.0
384,Amy,Morales,amoralesan@symantec.com,Female,169.80.75.48
385,Bobby,Reyes,breyesao@slate.com,Male,33.29.180.117
386,Albert,Grant,agrantap@phoca.cz,Male,171.120.118.2
387,Brenda,Cruz,bcruzaq@kickstarter.com,Female,132.48.109.44
388,Sarah,Mcdonald,smcdonaldar@mlb.com,Female,130.72.234.109
389,James,Barnes,jbarnesas@histats.com,Male,157.178.29.5
390,Patricia,Mills,pmillsat@sciencedirect.com,Female,112.3.99.9
391,Frances,Riley,frileyau@google.cn,Female,60.116.139.37
392,Charles,Franklin,cfranklinav@tinyurl.com,Male,188.222.34.25
393,Harry,Patterson,hpattersonaw@cbc.ca,Male,238.188.162.85
394,Marilyn,Cruz,mcruzax@rambler.ru,Female,2.107.9.6
395,John,Burton,jburtonay@hibu.com,Male,224.116.91.6
396,Bruce,Jones,bjonesaz@cocolog-nifty.com,Male,155.116.17.130
397,Jeffrey,White,jwhiteb0@naver.com,Male,167.229.49.197
398,Jimmy,Alvarez,jalvarezb1@joomla.org,Male,200.46.109.216
399,Eric,Lawson,elawsonb2@state.gov,Male,46.137.141.23
400,Carlos,Banks,cbanksb3@usda.gov,Male,141.105.149.21
401,Christina,Evans,cevansb4@arizona.edu,Female,190.24.176.146
402,Kimberly,Nelson,knelsonb5@vk.com,Female,131.16.239.155
403,Michael,Romero,mromerob6@chron.com,Male,95.103.114.195
404,Joshua,Morrison,jmorrisonb7@ycombinator.com,Male,54.138.149.141
405,Jennifer,Oliver,joliverb8@fc2.com,Female,191.88.20.54
406,Louis,Warren,lwarrenb9@linkedin.com,Male,246.152.222.168
407,Richard,Lopez,rlopezba@indiatimes.com,Male,59.194.179.65
408,Thomas,James,tjamesbb@census.gov,Male,100.23.34.112
409,Jennifer,Long,jlongbc@latimes.com,Female,196.52.184.175
410,Gloria,Fuller,gfullerbd@earthlink.net,Female,13.201.120.138
411,Jeffrey,Garcia,jgarciabe@t.co,Male,20.235.203.132
412,Rachel,Boyd,rboydbf@mozilla.com,Female,219.235.3.186
413,Nicole,Barnes,nbarnesbg@chron.com,Female,91.228.238.17
414,Shirley,Gordon,sgordonbh@springer.com,Female,17.207.24.178
415,Billy,Mills,bmillsbi@hubpages.com,Male,123.86.2.222
416,Justin,Gibson,jgibsonbj@hc360.com,Male,198.169.223.237
417,Jerry,Perry,jperrybk@noaa.gov,Male,21.214.21.76
418,Carl,Cruz,ccruzbl@craigslist.org,Male,159.58.109.201
419,Steve,Richards,srichardsbm@mapquest.com,Male,97.88.40.217
420,Antonio,Bishop,abishopbn@goodreads.com,Male,167.173.99.37
421,Matthew,Black,mblackbo@google.com,Male,93.158.236.47
422,Edward,Lynch,elynchbp@utexas.edu,Male,205.133.18.68
423,Antonio,Sullivan,asullivanbq@umn.edu,Male,254.55.39.247
424,Louis,Olson,lolsonbr@cargocollective.com,Male,27.212.152.106
425,Kenneth,Harper,kharperbs@over-blog.com,Male,194.14.158.241
426,Patricia,Rogers,progersbt@jalbum.net,Female,30.225.57.253
427,Frances,Hanson,fhansonbu@accuweather.com,Female,35.157.94.158
428,Jack,Howell,jhowellbv@blogspot.com,Male,132.196.52.201
429,Carol,Lane,clanebw@exblog.jp,Female,241.96.70.252
430,Eugene,Diaz,ediazbx@webeden.co.uk,Male,247.4.216.196
431,Joan,Clark,jclarkby@imageshack.us,Female,250.249.215.152
432,Rose,Rodriguez,rrodriguezbz@cam.ac.uk,Female,75.7.147.16
433,Laura,Weaver,lweaverc0@businessinsider.com,Female,203.167.32.45
434,Ralph,Richardson,rrichardsonc1@infoseek.co.jp,Male,234.198.195.157
435,Brian,Chapman,bchapmanc2@google.com.hk,Male,219.221.216.159
436,Anne,Peterson,apetersonc3@vkontakte.ru,Female,100.211.201.231
437,Ruby,Davis,rdavisc4@ebay.co.uk,Female,213.203.173.6
438,Rose,Payne,rpaynec5@wsj.com,Female,63.230.165.138
439,Kenneth,Ortiz,kortizc6@arstechnica.com,Male,244.143.15.79
440,Gerald,Nichols,gnicholsc7@tinypic.com,Male,158.7.216.120
441,Rebecca,Kelly,rkellyc8@google.fr,Female,192.16.164.148
442,Arthur,Ramirez,aramirezc9@dedecms.com,Male,215.14.215.144
443,Arthur,Edwards,aedwardsca@go.com,Male,107.225.56.130
444,Michael,Bishop,mbishopcb@wikimedia.org,Male,113.92.179.134
445,Eugene,Hughes,ehughescc@ihg.com,Male,120.20.53.195
446,Cheryl,Mills,cmillscd@usa.gov,Female,138.151.234.168
447,Gloria,Arnold,garnoldce@naver.com,Female,210.201.254.245
448,Roger,Hughes,rhughescf@si.edu,Male,166.143.121.118
449,Tammy,Turner,tturnercg@apple.com,Female,46.47.124.236
450,Amanda,Hughes,ahughesch@scientificamerican.com,Female,151.103.165.112
451,Ann,Edwards,aedwardsci@about.me,Female,237.132.13.39
452,Benjamin,Crawford,bcrawfordcj@hud.gov,Male,249.231.111.201
453,Paula,Mills,pmillsck@mail.ru,Female,140.33.94.179
454,Larry,Turner,lturnercl@gnu.org,Male,246.47.140.216
455,Martha,Patterson,mpattersoncm@altervista.org,Female,202.184.107.42
456,Paula,Oliver,polivercn@dmoz.org,Female,97.157.181.210
457,Debra,Phillips,dphillipsco@baidu.com,Female,250.41.28.97
458,Ruby,Stephens,rstephenscp@auda.org.au,Female,95.41.237.18
459,Patricia,Black,pblackcq@opera.com,Female,251.62.234.109
460,Tammy,Morris,tmorriscr@plala.or.jp,Female,47.58.2.10
461,Carol,Romero,cromerocs@issuu.com,Female,41.206.183.199
462,Dorothy,Thomas,dthomasct@123-reg.co.uk,Female,253.101.57.167
463,Maria,Hall,mhallcu@surveymonkey.com,Female,134.84.232.145
464,Stephanie,Edwards,sedwardscv@wikipedia.org,Female,168.29.3.194
465,Jeremy,Howard,jhowardcw@apache.org,Male,237.202.178.132
466,Melissa,Ramos,mramoscx@hatena.ne.jp,Female,162.233.206.3
467,Ryan,Wheeler,rwheelercy@typepad.com,Male,163.234.74.55
468,Sandra,Snyder,ssnydercz@slate.com,Female,203.124.252.36
469,Beverly,Kelly,bkellyd0@bloomberg.com,Female,191.200.51.15
470,Louis,Anderson,landersond1@hhs.gov,Male,106.145.207.143
471,Lisa,Murray,lmurrayd2@pagesperso-orange.fr,Female,110.202.157.150
472,Andrea,Porter,aporterd3@netlog.com,Female,80.199.248.100
473,Richard,Jacobs,rjacobsd4@rambler.ru,Male,205.184.59.31
474,Ralph,Martin,rmartind5@prlog.org,Male,248.223.163.148
475,Lillian,Reed,lreedd6@constantcontact.com,Female,52.211.221.38
476,Nancy,Harvey,nharveyd7@columbia.edu,Female,96.146.17.96
477,Irene,Sanders,isandersd8@soundcloud.com,Female,3.255.143.221
478,Paula,Dean,pdeand9@sciencedirect.com,Female,115.86.223.170
479,Earl,Gonzales,egonzalesda@cbslocal.com,Male,207.132.76.201
480,Rebecca,Wheeler,rwheelerdb@globo.com,Female,79.241.133.127
481,Chris,Day,cdaydc@va.gov,Male,240.233.45.166
482,Bobby,Carroll,bcarrolldd@webmd.com,Male,121.37.44.194
483,Ruby,Cole,rcolede@people.com.cn,Female,154.118.227.145
484,Jean,Fox,jfoxdf@jalbum.net,Female,215.191.213.227
485,Robin,Payne,rpaynedg@wisc.edu,Female,121.113.29.93
486,Brandon,Reyes,breyesdh@walmart.com,Male,10.254.210.12
487,Dorothy,Henderson,dhendersondi@disqus.com,Female,48.233.13.11
488,Jane,Phillips,jphillipsdj@chronoengine.com,Female,12.89.59.153
489,Judith,Woods,jwoodsdk@csmonitor.com,Female,12.51.188.102
490,Jeffrey,Hanson,jhansondl@storify.com,Male,233.161.7.10
491,Jennifer,Carroll,jcarrolldm@vistaprint.com,Female,201.144.196.186
492,Emily,Gibson,egibsondn@goo.gl,Female,83.35.134.199
493,Fred,Gray,fgraydo@t-online.de,Male,242.237.186.134
494,Peter,Duncan,pduncandp@xinhuanet.com,Male,224.117.14.115
495,Virginia,Patterson,vpattersondq@loc.gov,Female,245.225.145.155
496,Dorothy,Wilson,dwilsondr@tripod.com,Female,158.134.169.166
497,Steven,Boyd,sboydds@wikispaces.com,Male,199.22.25.150
498,Brian,Price,bpricedt@wunderground.com,Male,211.213.55.195
499,Philip,Alexander,palexanderdu@ustream.tv,Male,135.204.17.166
500,Emily,Moore,emooredv@time.com,Female,221.4.217.180
501,Frances,Reynolds,freynoldsdw@shareasale.com,Female,179.16.68.157
502,Joseph,Peters,jpetersdx@amazon.co.uk,Male,129.96.175.6
503,Jesse,Roberts,jrobertsdy@cnn.com,Male,72.161.162.55
504,Andrew,Jones,ajonesdz@imdb.com,Male,18.235.210.97
505,Denise,Ward,dwarde0@chron.com,Female,215.189.23.102
506,Gary,Bradley,gbradleye1@printfriendly.com,Male,45.138.223.227
507,Emily,Nelson,enelsone2@abc.net.au,Female,213.159.194.89
508,Wanda,Morris,wmorrise3@illinois.edu,Female,181.140.176.107
509,Mildred,Carroll,mcarrolle4@exblog.jp,Female,104.47.198.252
510,William,Olson,wolsone5@kickstarter.com,Male,156.110.133.161
511,Henry,Mcdonald,hmcdonalde6@nature.com,Male,243.178.78.19
512,Denise,Foster,dfostere7@columbia.edu,Female,198.121.156.118
513,Robert,Bryant,rbryante8@4shared.com,Male,120.214.189.158
514,Stephen,Jackson,sjacksone9@paginegialle.it,Male,155.99.178.207
515,Clarence,Peterson,cpetersonea@who.int,Male,123.6.173.141
516,Brian,Perez,bperezeb@xing.com,Male,209.128.105.7
517,Russell,Harper,rharperec@typepad.com,Male,191.171.174.138
518,Ruth,Henderson,rhendersoned@4shared.com,Female,67.209.209.0
519,Mildred,Gonzalez,mgonzalezee@jiathis.com,Female,105.201.14.194
520,Matthew,Howard,mhowardef@seesaa.net,Male,37.183.23.231
521,Anne,Washington,awashingtoneg@github.com,Female,100.72.152.254
522,Gerald,Day,gdayeh@dyndns.org,Male,136.215.77.71
523,Heather,Edwards,hedwardsei@photobucket.com,Female,198.41.104.198
524,Eugene,Hawkins,ehawkinsej@desdev.cn,Male,28.192.225.151
525,Lillian,Hart,lhartek@hatena.ne.jp,Female,4.182.154.190
526,William,Hayes,whayesel@timesonline.co.uk,Male,192.81.61.26
527,Gerald,Fernandez,gfernandezem@nature.com,Male,27.226.242.65
528,Pamela,Barnes,pbarnesen@over-blog.com,Female,91.84.10.66
529,Louis,Russell,lrusselleo@time.com,Male,51.66.119.105
530,Brian,Hayes,bhayesep@nps.gov,Male,114.142.140.175
531,Julia,Reynolds,jreynoldseq@mozilla.com,Female,102.156.138.74
532,Judith,Castillo,jcastilloer@miitbeian.gov.cn,Female,149.209.131.211
533,Janice,Burns,jburnses@archive.org,Female,11.228.144.171
534,Cheryl,Hansen,chansenet@opera.com,Female,203.167.206.18
535,Jessica,Webb,jwebbeu@marketwatch.com,Female,34.214.228.19
536,Jessica,Sims,jsimsev@phpbb.com,Female,8.65.29.72
537,Janice,Daniels,jdanielsew@ask.com,Female,144.143.0.173
538,Gregory,Wells,gwellsex@csmonitor.com,Male,210.67.225.74
539,Michael,Kim,mkimey@taobao.com,Male,165.191.231.229
540,Ruby,Gonzales,rgonzalesez@vinaora.com,Female,64.180.190.225
541,Samuel,Sanchez,ssanchezf0@drupal.org,Male,57.16.23.71
542,Adam,White,awhitef1@bloglovin.com,Male,136.43.230.59
543,Justin,Day,jdayf2@angelfire.com,Male,137.87.16.64
544,Fred,Cruz,fcruzf3@eventbrite.com,Male,33.42.11.216
545,Heather,Mcdonald,hmcdonaldf4@imdb.com,Female,49.112.63.146
546,Lois,Duncan,lduncanf5@ihg.com,Female,217.134.189.134
547,Eugene,Johnston,ejohnstonf6@odnoklassniki.ru,Male,179.170.165.106
548,Kenneth,Coleman,kcolemanf7@walmart.com,Male,227.232.253.16
549,Eric,Dunn,edunnf8@photobucket.com,Male,28.135.155.13
550,Alan,Jordan,ajordanf9@angelfire.com,Male,103.247.197.68
551,Lawrence,Ellis,lellisfa@acquirethisname.com,Male,141.83.245.103
552,Nicole,Peters,npetersfb@csmonitor.com,Female,133.58.248.112
553,Jeremy,Moreno,jmorenofc@soundcloud.com,Male,26.144.153.113
554,Bonnie,Hernandez,bhernandezfd@netvibes.com,Female,205.126.249.156
555,Jimmy,Rice,jricefe@cocolog-nifty.com,Male,40.114.39.136
556,Gary,Webb,gwebbff@amazon.com,Male,115.71.21.44
557,Stephen,Garza,sgarzafg@google.de,Male,225.174.223.238
558,Helen,Alexander,halexanderfh@gnu.org,Female,167.80.59.252
559,Brandon,Hudson,bhudsonfi@domainmarket.com,Male,200.92.46.114
560,Michael,Nichols,mnicholsfj@sitemeter.com,Male,239.42.199.231
561,Douglas,Day,ddayfk@surveymonkey.com,Male,248.96.253.74
562,Ann,Porter,aporterfl@cornell.edu,Female,104.51.58.21
563,Kenneth,Ramos,kramosfm@rakuten.co.jp,Male,199.183.16.123
564,Gary,Lawrence,glawrencefn@hubpages.com,Male,149.120.143.20
565,Angela,Ortiz,aortizfo@ehow.com,Female,151.21.126.207
566,Anne,Franklin,afranklinfp@pinterest.com,Female,148.135.30.186
567,Chris,Griffin,cgriffinfq@163.com,Male,174.50.184.36
568,Brian,Harper,bharperfr@infoseek.co.jp,Male,14.178.115.81
569,Katherine,Armstrong,karmstrongfs@paginegialle.it,Female,138.239.29.6
570,Mary,Hansen,mhansenft@netvibes.com,Female,176.146.224.40
571,Amy,Chavez,achavezfu@geocities.com,Female,70.157.166.90
572,Janet,Dean,jdeanfv@techcrunch.com,Female,95.62.229.17
573,Ralph,Hughes,rhughesfw@home.pl,Male,69.121.76.202
574,Evelyn,Thomas,ethomasfx@unicef.org,Female,142.52.81.79
575,Sara,Richards,srichardsfy@ifeng.com,Female,164.128.179.117
576,Jeremy,Bowman,jbowmanfz@google.nl,Male,104.91.76.206
577,Larry,Wright,lwrightg0@ted.com,Male,11.148.7.4
578,Kenneth,Perez,kperezg1@google.ca,Male,39.137.128.251
579,Clarence,Wilson,cwilsong2@amazon.co.jp,Male,36.57.3.59
580,Mildred,Reid,mreidg3@techcrunch.com,Female,126.142.190.4
581,Teresa,Chavez,tchavezg4@house.gov,Female,179.150.45.233
582,Laura,Cole,lcoleg5@eventbrite.com,Female,132.140.46.104
583,Ernest,Harvey,eharveyg6@domainmarket.com,Male,45.6.161.199
584,Anne,Wheeler,awheelerg7@smugmug.com,Female,151.125.89.205
585,Anthony,Cox,acoxg8@quantcast.com,Male,138.183.121.133
586,Lillian,Anderson,landersong9@loc.gov,Female,9.113.58.243
587,Paul,Moreno,pmorenoga@illinois.edu,Male,81.72.175.185
588,Matthew,Marshall,mmarshallgb@soup.io,Male,40.94.170.197
589,Ashley,Montgomery,amontgomerygc@nba.com,Female,116.51.60.196
590,Diana,Cooper,dcoopergd@aboutads.info,Female,11.133.120.23
591,Paula,Fowler,pfowlerge@unc.edu,Female,87.98.63.199
592,Billy,Tucker,btuckergf@jigsy.com,Male,148.116.86.230
593,Ruby,Kelly,rkellygg@vistaprint.com,Female,17.9.118.255
594,Douglas,Chavez,dchavezgh@google.es,Male,84.112.2.213
595,Aaron,Banks,abanksgi@drupal.org,Male,64.233.61.227
596,Keith,Fowler,kfowlergj@dropbox.com,Male,11.1.19.233
597,Wanda,Pierce,wpiercegk@howstuffworks.com,Female,229.107.34.101
598,Virginia,Gardner,vgardnergl@statcounter.com,Female,207.254.19.45
599,Jose,Riley,jrileygm@indiegogo.com,Male,84.141.166.60
600,Matthew,Hamilton,mhamiltongn@acquirethisname.com,Male,177.205.71.140
601,Marie,Allen,mallengo@reddit.com,Female,137.9.235.176
602,Theresa,Chavez,tchavezgp@php.net,Female,47.55.145.50
603,Angela,Brooks,abrooksgq@typepad.com,Female,180.128.215.158
604,Chris,Medina,cmedinagr@salon.com,Male,234.57.227.115
605,Julie,Brown,jbrowngs@dot.gov,Female,212.229.112.202
606,Marie,Walker,mwalkergt@kickstarter.com,Female,108.238.85.69
607,Edward,Rivera,eriveragu@wufoo.com,Male,101.74.106.134
608,Fred,Miller,fmillergv@last.fm,Male,159.161.106.199
609,Carol,Ford,cfordgw@umn.edu,Female,116.166.206.145
610,Elizabeth,Dixon,edixongx@gnu.org,Female,216.185.110.200
611,Ashley,Rodriguez,arodriguezgy@fastcompany.com,Female,46.212.146.168
612,Jeffrey,Chavez,jchavezgz@cpanel.net,Male,208.3.43.210
613,Anthony,Barnes,abarnesh0@springer.com,Male,226.1.117.93
614,Gregory,Lewis,glewish1@globo.com,Male,85.107.238.248
615,Ryan,Harrison,rharrisonh2@vk.com,Male,53.106.210.84
616,Marilyn,Mendoza,mmendozah3@hc360.com,Female,155.207.97.196
617,Margaret,Shaw,mshawh4@webs.com,Female,187.145.49.60
618,Randy,Cook,rcookh5@earthlink.net,Male,93.80.133.165
619,Joyce,Ruiz,jruizh6@miitbeian.gov.cn,Female,183.48.185.57
620,Kimberly,Crawford,kcrawfordh7@auda.org.au,Female,135.144.249.251
621,Ronald,Hall,rhallh8@cnet.com,Male,236.165.120.58
622,Douglas,Hall,dhallh9@sciencedirect.com,Male,39.252.221.183
623,Michelle,Cole,mcoleha@facebook.com,Female,99.165.39.252
624,Jimmy,Campbell,jcampbellhb@vistaprint.com,Male,249.96.22.53
625,Julia,Fowler,jfowlerhc@slideshare.net,Female,0.128.210.19
626,Frank,Baker,fbakerhd@mapy.cz,Male,148.206.60.90
627,Terry,Payne,tpaynehe@gizmodo.com,Male,28.33.183.134
628,Diane,Olson,dolsonhf@godaddy.com,Female,121.109.160.186
629,Laura,Frazier,lfrazierhg@nytimes.com,Female,180.87.134.73
630,Laura,Flores,lfloreshh@aboutads.info,Female,42.150.29.170
631,Amy,Gilbert,agilberthi@imgur.com,Female,230.31.20.10
632,Patricia,Garrett,pgarretthj@topsy.com,Female,6.200.237.144
633,Arthur,Kelley,akelleyhk@redcross.org,Male,48.70.62.0
634,Beverly,Gonzales,bgonzaleshl@naver.com,Female,114.17.242.12
635,Sara,Ray,srayhm@pcworld.com,Female,65.172.26.209
636,Edward,Mendoza,emendozahn@sourceforge.net,Male,125.215.121.166
637,Brandon,Graham,bgrahamho@exblog.jp,Male,15.6.141.225
638,Joyce,Palmer,jpalmerhp@symantec.com,Female,117.239.37.113
639,Teresa,Gonzalez,tgonzalezhq@home.pl,Female,46.135.205.179
640,Brandon,Webb,bwebbhr@elpais.com,Male,182.230.104.69
641,Virginia,Lopez,vlopezhs@netlog.com,Female,255.142.20.12
642,Jeffrey,Ray,jrayht@360.cn,Male,242.95.55.212
643,Ralph,Harrison,rharrisonhu@cbslocal.com,Male,122.60.208.44
644,Randy,Spencer,rspencerhv@printfriendly.com,Male,211.13.25.219
645,Judy,Pierce,jpiercehw@arizona.edu,Female,76.151.126.150
646,Kevin,Ferguson,kfergusonhx@twitpic.com,Male,43.43.114.215
647,Ashley,Brown,abrownhy@independent.co.uk,Female,233.190.95.223
648,Robert,Ruiz,rruizhz@hp.com,Male,51.253.12.172
649,Kathleen,Chavez,kchavezi0@omniture.com,Female,208.244.83.71
650,Jason,Ruiz,jruizi1@baidu.com,Male,231.198.41.41
651,Brandon,Vasquez,bvasquezi2@foxnews.com,Male,153.222.25.247
652,Rose,Shaw,rshawi3@domainmarket.com,Female,36.232.53.62
653,Cynthia,George,cgeorgei4@smh.com.au,Female,211.163.137.80
654,Bobby,Knight,bknighti5@cdbaby.com,Male,117.192.144.210
655,Terry,Garza,tgarzai6@ucoz.ru,Male,64.230.145.134
656,Dennis,Olson,dolsoni7@wired.com,Male,243.28.182.223
657,Emily,Porter,eporteri8@xinhuanet.com,Female,100.42.132.206
658,Chris,Black,cblacki9@weebly.com,Male,33.5.165.41
659,Ruby,Evans,revansia@rambler.ru,Female,51.225.80.222
660,Lois,Harvey,lharveyib@yale.edu,Female,47.195.119.134
661,Bruce,Garrett,bgarrettic@stumbleupon.com,Male,6.246.139.118
662,Lois,Bennett,lbennettid@soup.io,Female,183.236.55.184
663,Rachel,Boyd,rboydie@rambler.ru,Female,194.222.130.23
664,Frances,Morris,fmorrisif@networksolutions.com,Female,3.182.115.69
665,Roy,Jones,rjonesig@drupal.org,Male,218.237.183.120
666,Harold,Hicks,hhicksih@shinystat.com,Male,40.100.156.175
667,Jonathan,Gonzales,jgonzalesii@nifty.com,Male,249.50.238.196
668,Daniel,Harvey,dharveyij@jimdo.com,Male,100.164.132.159
669,Kelly,Ross,krossik@desdev.cn,Female,195.180.173.130
670,Michael,Coleman,mcolemanil@bloglovin.com,Male,98.97.207.104
671,Linda,Medina,lmedinaim@state.gov,Female,49.15.222.207
672,Irene,Cook,icookin@tinyurl.com,Female,61.84.174.136
673,Randy,Walker,rwalkerio@pen.io,Male,4.16.112.161
674,Jesse,Reynolds,jreynoldsip@nationalgeographic.com,Male,244.61.104.156
675,Beverly,West,bwestiq@nationalgeographic.com,Female,136.24.215.239
676,Anne,Warren,awarrenir@admin.ch,Female,117.223.12.51
677,Judy,Burke,jburkeis@creativecommons.org,Female,146.253.93.234
678,Diana,Willis,dwillisit@angelfire.com,Female,156.63.235.199
679,Laura,Ryan,lryaniu@ehow.com,Female,31.125.107.103
680,Earl,Mitchell,emitchelliv@census.gov,Male,208.29.23.147
681,Robin,Martin,rmartiniw@live.com,Female,163.111.53.92
682,Jeffrey,Mills,jmillsix@indiegogo.com,Male,14.49.148.248
683,Kathleen,Howard,khowardiy@i2i.jp,Female,197.174.157.173
684,Charles,Patterson,cpattersoniz@dagondesign.com,Male,77.184.31.198
685,Deborah,Roberts,drobertsj0@jiathis.com,Female,20.170.130.210
686,Aaron,Crawford,acrawfordj1@furl.net,Male,51.74.213.12
687,Charles,Snyder,csnyderj2@nydailynews.com,Male,137.249.250.89
688,Stephanie,Hayes,shayesj3@goo.ne.jp,Female,144.6.167.146
689,Nicole,Wells,nwellsj4@uiuc.edu,Female,19.13.16.65
690,Karen,Ellis,kellisj5@smh.com.au,Female,238.242.220.46
691,Sara,Reid,sreidj6@discuz.net,Female,187.135.125.191
692,Gary,Pierce,gpiercej7@usgs.gov,Male,58.62.202.53
693,Bobby,Jones,bjonesj8@arstechnica.com,Male,47.230.63.44
694,Janice,Miller,jmillerj9@auda.org.au,Female,28.155.31.115
695,Shawn,Fuller,sfullerja@theatlantic.com,Male,103.147.221.214
696,Victor,Harvey,vharveyjb@furl.net,Male,190.31.117.4
697,Carolyn,Brown,cbrownjc@wikia.com,Female,164.11.248.21
698,Kathleen,Moore,kmoorejd@globo.com,Female,41.61.170.78
699,Sharon,Carpenter,scarpenterje@booking.com,Female,144.82.233.181
700,Eugene,Gray,egrayjf@t.co,Male,218.183.202.44
701,Amy,Thomas,athomasjg@va.gov,Female,177.132.196.134
702,Mildred,Fox,mfoxjh@virginia.edu,Female,47.81.159.136
703,Paula,Jacobs,pjacobsji@tamu.edu,Female,155.32.232.145
704,Harold,Wright,hwrightjj@ft.com,Male,77.250.159.1
705,Doris,Scott,dscottjk@bluehost.com,Female,27.125.50.46
706,Jeffrey,Davis,jdavisjl@feedburner.com,Male,235.189.2.222
707,Christopher,Rice,cricejm@sitemeter.com,Male,116.98.201.208
708,Tammy,Fields,tfieldsjn@phoca.cz,Female,164.61.75.116
709,Theresa,Howard,thowardjo@imgur.com,Female,7.113.192.227
710,Jesse,Schmidt,jschmidtjp@delicious.com,Male,99.111.173.241
711,Todd,Bennett,tbennettjq@exblog.jp,Male,117.95.164.103
712,Scott,Armstrong,sarmstrongjr@dell.com,Male,75.39.62.26
713,Tammy,Hawkins,thawkinsjs@indiatimes.com,Female,79.224.117.116
714,Virginia,Burton,vburtonjt@t-online.de,Female,255.234.65.76
715,Gregory,Pierce,gpierceju@mac.com,Male,46.84.30.15
716,Jesse,Cruz,jcruzjv@xrea.com,Male,188.62.23.122
717,Evelyn,Wells,ewellsjw@wufoo.com,Female,1.55.107.100
718,Helen,Johnston,hjohnstonjx@tmall.com,Female,66.72.69.83
719,Adam,Clark,aclarkjy@themeforest.net,Male,52.221.169.30
720,Christopher,Kelly,ckellyjz@weather.com,Male,128.98.7.80
721,Gloria,Carr,gcarrk0@zdnet.com,Female,199.35.143.154
722,Doris,Allen,dallenk1@barnesandnoble.com,Female,89.55.51.95
723,Katherine,Frazier,kfrazierk2@unc.edu,Female,199.235.61.190
724,Ann,Henderson,ahendersonk3@posterous.com,Female,55.55.217.83
725,Maria,Simpson,msimpsonk4@qq.com,Female,132.154.212.145
726,Harry,Hanson,hhansonk5@purevolume.com,Male,140.245.49.56
727,Peter,Ford,pfordk6@symantec.com,Male,170.37.135.117
728,Rose,Adams,radamsk7@amazon.co.jp,Female,224.126.195.23
729,Ruth,Rodriguez,rrodriguezk8@zimbio.com,Female,229.240.10.110
730,Patricia,Warren,pwarrenk9@feedburner.com,Female,177.174.137.31
731,Ryan,Gomez,rgomezka@weather.com,Male,17.7.194.49
732,Kimberly,Baker,kbakerkb@loc.gov,Female,127.139.114.171
733,Keith,West,kwestkc@pen.io,Male,181.120.81.99
734,Marilyn,Pierce,mpiercekd@epa.gov,Female,38.90.223.243
735,Jean,Wheeler,jwheelerke@squidoo.com,Female,51.158.214.230
736,Keith,Wood,kwoodkf@t-online.de,Male,13.136.253.193
737,Frank,Vasquez,fvasquezkg@baidu.com,Male,208.16.155.183
738,Roger,Kelley,rkelleykh@weather.com,Male,193.1.132.244
739,Kenneth,Montgomery,kmontgomeryki@mapy.cz,Male,97.33.115.92
740,Timothy,Black,tblackkj@123-reg.co.uk,Male,228.18.55.13
741,Beverly,Reyes,breyeskk@vk.com,Female,89.80.191.114
742,Richard,Collins,rcollinskl@dot.gov,Male,197.163.121.76
743,Alan,Carpenter,acarpenterkm@omniture.com,Male,98.50.72.170
744,Cheryl,Sims,csimskn@constantcontact.com,Female,109.130.93.218
745,Michelle,Wells,mwellsko@domainmarket.com,Female,185.55.153.252
746,Lois,Oliver,loliverkp@infoseek.co.jp,Female,102.90.70.119
747,Dennis,Murray,dmurraykq@diigo.com,Male,95.59.5.247
748,Louis,Bryant,lbryantkr@tmall.com,Male,255.206.203.47
749,Larry,Bryant,lbryantks@cnn.com,Male,51.90.187.89
750,Phyllis,Freeman,pfreemankt@drupal.org,Female,208.164.7.188
751,Virginia,Williamson,vwilliamsonku@walmart.com,Female,103.181.45.9
752,Johnny,Greene,jgreenekv@amazon.co.jp,Male,183.232.141.137
753,Anna,Robinson,arobinsonkw@newyorker.com,Female,221.94.118.212
754,Andrew,Meyer,ameyerkx@pagesperso-orange.fr,Male,252.42.232.248
755,Dorothy,Stevens,dstevensky@sourceforge.net,Female,128.8.163.4
756,Irene,Alexander,ialexanderkz@buzzfeed.com,Female,213.195.49.127
757,Eric,Kim,ekiml0@sun.com,Male,83.104.5.237
758,Lisa,Kim,lkiml1@posterous.com,Female,221.216.1.157
759,Phyllis,Taylor,ptaylorl2@hexun.com,Female,184.189.40.90
760,Martin,Green,mgreenl3@bizjournals.com,Male,98.33.186.176
761,Linda,Wallace,lwallacel4@virginia.edu,Female,226.189.137.208
762,Earl,Shaw,eshawl5@deliciousdays.com,Male,6.170.13.78
763,Rose,Palmer,rpalmerl6@trellian.com,Female,172.185.62.90
764,Louis,Burke,lburkel7@latimes.com,Male,62.52.114.203
765,Norma,Ramirez,nramirezl8@engadget.com,Female,87.181.99.128
766,Steven,Russell,srusselll9@blinklist.com,Male,1.142.110.137
767,Todd,Vasquez,tvasquezla@nbcnews.com,Male,255.205.246.40
768,Jean,Bell,jbelllb@123-reg.co.uk,Female,18.63.188.3
769,Christine,Knight,cknightlc@techcrunch.com,Female,225.90.138.168
770,Mark,Lynch,mlynchld@blinklist.com,Male,2.41.100.77
771,Thomas,Perry,tperryle@tuttocitta.it,Male,217.77.239.84
772,Richard,Thompson,rthompsonlf@amazon.co.jp,Male,245.188.185.64
773,Sean,Fuller,sfullerlg@earthlink.net,Male,252.57.65.214
774,Benjamin,Morrison,bmorrisonlh@indiatimes.com,Male,96.113.23.142
775,Bobby,Palmer,bpalmerli@lulu.com,Male,174.100.198.203
776,Judy,Wheeler,jwheelerlj@earthlink.net,Female,131.155.10.64
777,Nicole,Adams,nadamslk@ebay.co.uk,Female,252.88.9.146
778,Juan,Alvarez,jalvarezll@seesaa.net,Male,28.103.173.198
779,George,Snyder,gsnyderlm@noaa.gov,Male,75.211.251.21
780,Lisa,Hamilton,lhamiltonln@blogger.com,Female,218.179.204.230
781,Antonio,Collins,acollinslo@amazon.de,Male,133.231.198.163
782,Cheryl,Bowman,cbowmanlp@ted.com,Female,222.162.114.144
783,Doris,Holmes,dholmeslq@freewebs.com,Female,63.0.169.148
784,Sharon,Mcdonald,smcdonaldlr@i2i.jp,Female,215.43.245.226
785,Victor,Day,vdayls@google.com,Male,143.38.136.107
786,Irene,Lopez,ilopezlt@addthis.com,Female,88.31.44.225
787,Carl,Palmer,cpalmerlu@oracle.com,Male,184.78.243.13
788,Chris,Phillips,cphillipslv@deliciousdays.com,Male,73.255.15.189
789,Roger,Kennedy,rkennedylw@accuweather.com,Male,123.240.81.155
790,Stephen,Torres,storreslx@nba.com,Male,240.86.49.240
791,Cynthia,Hall,challly@nyu.edu,Female,152.163.62.149
792,Deborah,Daniels,ddanielslz@technorati.com,Female,247.102.238.197
793,Martha,Allen,mallenm0@nature.com,Female,248.80.224.91
794,Beverly,Simpson,bsimpsonm1@dailymail.co.uk,Female,243.30.255.80
795,Timothy,Sullivan,tsullivanm2@ameblo.jp,Male,7.252.133.252
796,Albert,Cooper,acooperm3@behance.net,Male,79.52.97.24
797,Kathy,King,kkingm4@vistaprint.com,Female,150.119.91.189
798,Jean,Diaz,jdiazm5@youku.com,Female,174.162.11.151
799,Douglas,Price,dpricem6@mozilla.com,Male,168.111.150.198
800,Joseph,Fernandez,jfernandezm7@macromedia.com,Male,165.48.128.232
801,Charles,Evans,cevansm8@ovh.net,Male,235.167.127.115
802,Johnny,Reed,jreedm9@quantcast.com,Male,141.133.237.123
803,Dorothy,Stone,dstonema@nymag.com,Female,121.117.51.113
804,Emily,Wilson,ewilsonmb@twitter.com,Female,83.111.5.162
805,Janet,George,jgeorgemc@google.it,Female,30.152.36.152
806,Phillip,Fernandez,pfernandezmd@ed.gov,Male,138.228.60.75
807,Alan,Johnston,ajohnstonme@pinterest.com,Male,249.221.73.71
808,Carl,Adams,cadamsmf@typepad.com,Male,14.46.128.80
809,Karen,Hill,khillmg@va.gov,Female,255.126.39.104
810,Samuel,Robertson,srobertsonmh@eepurl.com,Male,127.125.175.108
811,Paula,Cunningham,pcunninghammi@mediafire.com,Female,106.198.153.3
812,Linda,Little,llittlemj@amazon.com,Female,22.214.64.78
813,Jacqueline,Ferguson,jfergusonmk@hao123.com,Female,208.52.148.78
814,Denise,Dean,ddeanml@yandex.ru,Female,56.113.63.34
815,Donna,Rogers,drogersmm@ucla.edu,Female,30.62.0.37
816,Stephen,Owens,sowensmn@google.es,Male,205.187.44.238
817,Wayne,Lopez,wlopezmo@bigcartel.com,Male,214.244.94.0
818,Alice,Stephens,astephensmp@google.ru,Female,109.215.79.140
819,Patricia,Clark,pclarkmq@51.la,Female,141.233.242.92
820,Sharon,Kennedy,skennedymr@wp.com,Female,220.219.171.176
821,Jacqueline,Jordan,jjordanms@baidu.com,Female,198.168.224.226
822,Ruby,Hunter,rhuntermt@reference.com,Female,177.205.187.105
823,Annie,Andrews,aandrewsmu@smh.com.au,Female,43.198.141.55
824,George,Thompson,gthompsonmv@bizjournals.com,Male,76.14.194.24
825,Kimberly,Evans,kevansmw@nbcnews.com,Female,197.155.145.199
826,Roger,Ferguson,rfergusonmx@earthlink.net,Male,27.30.18.132
827,Carl,Watkins,cwatkinsmy@nasa.gov,Male,125.120.92.5
828,John,Burns,jburnsmz@furl.net,Male,19.146.28.148
829,Diana,Hall,dhalln0@hc360.com,Female,135.123.131.11
830,George,Wells,gwellsn1@icq.com,Male,38.225.225.47
831,Marilyn,Thompson,mthompsonn2@twitpic.com,Female,239.174.200.85
832,Julia,Castillo,jcastillon3@canalblog.com,Female,191.200.51.156
833,Andrew,Wright,awrightn4@merriam-webster.com,Male,215.226.205.81
834,Robin,Harrison,rharrisonn5@uol.com.br,Female,250.188.197.172
835,Elizabeth,Stone,estonen6@nhs.uk,Female,135.104.248.35
836,Thomas,Nguyen,tnguyenn7@themeforest.net,Male,199.230.130.33
837,Jose,Warren,jwarrenn8@theglobeandmail.com,Male,77.254.240.116
838,Larry,Peterson,lpetersonn9@ebay.com,Male,33.202.192.137
839,Todd,Sims,tsimsna@weebly.com,Male,1.171.73.120
840,Aaron,Phillips,aphillipsnb@cpanel.net,Male,190.231.240.139
841,Aaron,Lee,aleenc@instagram.com,Male,93.151.133.136
842,Edward,Wells,ewellsnd@symantec.com,Male,79.97.207.75
843,Anthony,Carpenter,acarpenterne@blogger.com,Male,230.255.93.163
844,Bobby,Rogers,brogersnf@google.ru,Male,229.130.95.83
845,Doris,Payne,dpayneng@studiopress.com,Female,4.233.186.254
846,Harold,James,hjamesnh@un.org,Male,60.251.145.69
847,Irene,Reed,ireedni@berkeley.edu,Female,84.201.103.79
848,Virginia,Perkins,vperkinsnj@dedecms.com,Female,106.76.207.100
849,Roger,Barnes,rbarnesnk@mlb.com,Male,240.233.188.147
850,Eugene,Sullivan,esullivannl@forbes.com,Male,192.40.104.58
851,Denise,Edwards,dedwardsnm@google.co.jp,Female,87.140.60.220
852,Donald,Fowler,dfowlernn@cisco.com,Male,230.223.224.41
853,Kathryn,Palmer,kpalmerno@ow.ly,Female,206.138.12.82
854,Gerald,Wheeler,gwheelernp@bloglines.com,Male,213.134.253.160
855,Carol,Wagner,cwagnernq@4shared.com,Female,167.35.169.168
856,Carol,Dixon,cdixonnr@so-net.ne.jp,Female,242.74.16.239
857,Kelly,Harrison,kharrisonns@jimdo.com,Female,193.85.90.232
858,Angela,Lawrence,alawrencent@china.com.cn,Female,97.57.133.29
859,Marilyn,Pierce,mpiercenu@xing.com,Female,58.47.56.24
860,Mark,Johnston,mjohnstonnv@biblegateway.com,Male,186.173.210.199
861,Kathleen,Clark,kclarknw@adobe.com,Female,137.137.250.122
862,Bruce,Montgomery,bmontgomerynx@ow.ly,Male,231.72.31.77
863,Frank,James,fjamesny@flickr.com,Male,150.101.86.64
864,Julie,Hill,jhillnz@xing.com,Female,25.181.74.203
865,James,Simpson,jsimpsono0@oaic.gov.au,Male,85.74.187.167
866,Jack,Armstrong,jarmstrongo1@opensource.org,Male,221.133.43.217
867,Robin,Kim,rkimo2@hatena.ne.jp,Female,30.164.97.209
868,Phillip,Weaver,pweavero3@adobe.com,Male,112.59.70.213
869,Jerry,Kelly,jkellyo4@parallels.com,Male,57.123.134.192
870,Melissa,Martinez,mmartinezo5@usnews.com,Female,138.216.70.193
871,Ralph,Fuller,rfullero6@netlog.com,Male,184.45.75.11
872,Dorothy,Hernandez,dhernandezo7@answers.com,Female,3.164.215.100
873,Walter,Walker,wwalkero8@nyu.edu,Male,0.148.125.35
874,Chris,Allen,calleno9@walmart.com,Male,189.75.187.178
875,Sarah,Powell,spowelloa@guardian.co.uk,Female,75.146.23.92
876,Larry,Jacobs,ljacobsob@statcounter.com,Male,174.21.63.19
877,Virginia,George,vgeorgeoc@prweb.com,Female,255.99.111.183
878,Edward,Young,eyoungod@google.com.hk,Male,190.114.54.99
879,Christina,Montgomery,cmontgomeryoe@pagesperso-orange.fr,Female,228.11.240.120
880,Martha,Harrison,mharrisonof@reddit.com,Female,125.173.169.82
881,Margaret,Romero,mromeroog@spiegel.de,Female,61.10.87.48
882,Peter,Riley,prileyoh@list-manage.com,Male,31.54.51.74
883,Patrick,Welch,pwelchoi@deviantart.com,Male,3.127.151.76
884,Fred,Gibson,fgibsonoj@mapquest.com,Male,218.197.12.46
885,Joyce,Scott,jscottok@cloudflare.com,Female,97.50.108.117
886,Louise,Miller,lmillerol@ftc.gov,Female,5.112.82.245
887,Raymond,Richards,rrichardsom@ibm.com,Male,152.197.28.213
888,Emily,Moreno,emorenoon@apple.com,Female,255.17.184.156
889,Jonathan,Edwards,jedwardsoo@bloglovin.com,Male,217.13.16.157
890,Alan,Mason,amasonop@sogou.com,Male,197.50.58.200
891,Tina,Watson,twatsonoq@princeton.edu,Female,191.239.64.227
892,Kelly,Larson,klarsonor@yelp.com,Female,219.51.216.254
893,Cynthia,Kelly,ckellyos@people.com.cn,Female,75.230.118.204
894,Jesse,Cook,jcookot@rakuten.co.jp,Male,90.118.92.41
895,Jason,Alexander,jalexanderou@gov.uk,Male,18.118.220.152
896,Alan,Rivera,ariveraov@tamu.edu,Male,68.205.15.138
897,Eric,Gray,egrayow@csmonitor.com,Male,17.107.192.171
898,Joan,Stanley,jstanleyox@microsoft.com,Female,248.153.56.60
899,Dorothy,Andrews,dandrewsoy@theatlantic.com,Female,145.65.210.65
900,Joyce,Lane,jlaneoz@sakura.ne.jp,Female,194.197.186.185
901,Adam,Wagner,awagnerp0@un.org,Male,141.178.77.73
902,Bobby,Castillo,bcastillop1@storify.com,Male,8.39.219.185
903,Melissa,Sullivan,msullivanp2@vinaora.com,Female,193.238.231.252
904,Sean,Romero,sromerop3@nasa.gov,Male,106.106.66.21
905,Anna,Fisher,afisherp4@archive.org,Female,193.29.87.172
906,Phyllis,Morgan,pmorganp5@va.gov,Female,171.54.212.97
907,Phillip,Cruz,pcruzp6@thetimes.co.uk,Male,67.95.153.249
908,Ryan,Hawkins,rhawkinsp7@spotify.com,Male,30.60.25.96
909,Gregory,Hudson,ghudsonp8@squidoo.com,Male,27.206.234.105
910,Earl,Brooks,ebrooksp9@parallels.com,Male,116.160.47.252
911,Alan,Larson,alarsonpa@aol.com,Male,142.205.201.126
912,Theresa,Bell,tbellpb@cornell.edu,Female,53.153.167.166
913,Kimberly,Cooper,kcooperpc@ow.ly,Female,209.153.68.155
914,Willie,Hicks,whickspd@goo.gl,Male,183.204.78.146
915,Louise,Garcia,lgarciape@angelfire.com,Female,4.141.21.32
916,Maria,Daniels,mdanielspf@mapquest.com,Female,136.212.9.246
917,Joan,Phillips,jphillipspg@princeton.edu,Female,147.26.137.36
918,Roger,Morgan,rmorganph@opera.com,Male,130.129.104.71
919,Billy,Gordon,bgordonpi@netlog.com,Male,135.181.38.127
920,Elizabeth,Rodriguez,erodriguezpj@examiner.com,Female,155.37.160.63
921,Angela,Ruiz,aruizpk@e-recht24.de,Female,128.148.75.89
922,Sharon,Wagner,swagnerpl@springer.com,Female,8.124.203.78
923,Kenneth,Armstrong,karmstrongpm@virginia.edu,Male,148.209.174.79
924,Justin,Hall,jhallpn@blogs.com,Male,181.73.204.221
925,Steven,Harvey,sharveypo@purevolume.com,Male,42.219.24.169
926,Billy,Davis,bdavispp@miibeian.gov.cn,Male,223.36.249.224
927,Joan,Ramirez,jramirezpq@pagesperso-orange.fr,Female,158.98.82.58
928,Steven,Jenkins,sjenkinspr@xing.com,Male,77.29.65.62
929,James,Vasquez,jvasquezps@canalblog.com,Male,136.114.53.161
930,Dorothy,Black,dblackpt@admin.ch,Female,193.250.54.128
931,Debra,Ray,draypu@tiny.cc,Female,161.246.182.217
932,Harold,Thomas,hthomaspv@arizona.edu,Male,145.255.74.141
933,Kathleen,Davis,kdavispw@java.com,Female,67.156.192.114
934,Cynthia,Gilbert,cgilbertpx@about.me,Female,167.4.248.11
935,Barbara,Gardner,bgardnerpy@rediff.com,Female,88.31.90.75
936,Carol,Porter,cporterpz@un.org,Female,212.89.28.182
937,Judy,Reynolds,jreynoldsq0@salon.com,Female,114.106.67.159
938,Timothy,Alvarez,talvarezq1@moonfruit.com,Male,251.50.60.16
939,Aaron,Reid,areidq2@ameblo.jp,Male,147.231.127.80
940,Patricia,Carpenter,pcarpenterq3@ezinearticles.com,Female,69.152.202.21
941,William,Owens,wowensq4@twitpic.com,Male,90.126.98.84
942,Randy,Franklin,rfranklinq5@slate.com,Male,225.51.56.221
943,Debra,Fowler,dfowlerq6@cyberchimps.com,Female,49.254.73.83
944,Terry,Sanders,tsandersq7@icio.us,Male,239.76.112.114
945,Gary,Harris,gharrisq8@nature.com,Male,174.96.69.106
946,Steven,Walker,swalkerq9@fc2.com,Male,104.32.28.67
947,Angela,Johnson,ajohnsonqa@booking.com,Female,34.190.167.9
948,Matthew,Olson,molsonqb@ebay.com,Male,254.136.67.234
949,Irene,Vasquez,ivasquezqc@blogger.com,Female,190.193.166.202
950,Harry,Hayes,hhayesqd@hubpages.com,Male,135.96.203.242
951,Elizabeth,Jordan,ejordanqe@howstuffworks.com,Female,221.198.92.138
952,Ralph,Gray,rgrayqf@netscape.com,Male,219.193.101.247
953,Jerry,Pierce,jpierceqg@google.co.uk,Male,85.8.32.39
954,Kenneth,Cook,kcookqh@1und1.de,Male,199.185.38.124
955,Emily,Hanson,ehansonqi@archive.org,Female,127.197.166.95
956,Roger,Sanchez,rsanchezqj@yolasite.com,Male,205.146.171.124
957,Katherine,Bradley,kbradleyqk@twitter.com,Female,90.133.84.223
958,Frances,Hayes,fhayesql@zimbio.com,Female,246.18.247.42
959,Gary,Gomez,ggomezqm@surveymonkey.com,Male,221.66.139.159
960,Barbara,Stanley,bstanleyqn@wp.com,Female,177.246.73.13
961,Terry,Wood,twoodqo@howstuffworks.com,Male,127.78.248.102
962,Sandra,Carter,scarterqp@google.com.br,Female,45.126.154.235
963,Adam,Woods,awoodsqq@php.net,Male,182.200.162.0
964,Jeremy,Jacobs,jjacobsqr@miibeian.gov.cn,Male,18.88.134.180
965,Katherine,Hawkins,khawkinsqs@zimbio.com,Female,138.14.191.124
966,Sara,Ramirez,sramirezqt@sourceforge.net,Female,45.237.5.39
967,Daniel,Hanson,dhansonqu@google.ru,Male,237.188.175.223
968,Ryan,Peters,rpetersqv@webnode.com,Male,219.189.129.153
969,Mildred,Ortiz,mortizqw@illinois.edu,Female,101.81.98.206
970,Shawn,Clark,sclarkqx@mapquest.com,Male,100.228.117.129
971,Charles,Mills,cmillsqy@vimeo.com,Male,234.176.187.198
972,Jimmy,Jordan,jjordanqz@joomla.org,Male,73.209.159.35
973,Heather,Crawford,hcrawfordr0@si.edu,Female,53.47.106.156
974,Christine,Hall,challr1@sourceforge.net,Female,191.114.28.21
975,Sandra,Cook,scookr2@sourceforge.net,Female,228.167.223.88
976,Arthur,Day,adayr3@mediafire.com,Male,180.166.191.99
977,Howard,Olson,holsonr4@sbwire.com,Male,215.192.102.114
978,Helen,Campbell,hcampbellr5@dyndns.org,Female,208.209.131.190
979,Doris,Wallace,dwallacer6@cam.ac.uk,Female,183.115.203.181
980,Sandra,Morales,smoralesr7@nyu.edu,Female,240.154.205.40
981,Cynthia,Bell,cbellr8@cafepress.com,Female,112.127.31.241
982,Rose,Bishop,rbishopr9@1688.com,Female,204.206.236.33
983,Benjamin,Jones,bjonesra@tinypic.com,Male,165.154.18.165
984,Catherine,Reynolds,creynoldsrb@merriam-webster.com,Female,65.117.247.172
985,Lawrence,Andrews,landrewsrc@artisteer.com,Male,26.156.159.224
986,Jonathan,Harper,jharperrd@trellian.com,Male,107.153.122.207
987,Gloria,West,gwestre@hugedomains.com,Female,119.150.163.171
988,Kelly,Bryant,kbryantrf@guardian.co.uk,Female,187.209.235.142
989,Louis,Sullivan,lsullivanrg@cbc.ca,Male,48.97.180.10
990,Anna,Elliott,aelliottrh@elegantthemes.com,Female,116.42.1.13
991,Roy,Miller,rmillerri@sun.com,Male,149.36.225.88
992,Sarah,Frazier,sfrazierrj@umn.edu,Female,128.186.17.62
993,Jeremy,Moreno,jmorenork@naver.com,Male,170.98.170.246
994,Fred,Johnston,fjohnstonrl@alexa.com,Male,129.25.192.9
995,William,Ramirez,wramirezrm@mit.edu,Male,96.232.142.94
996,Janet,Mcdonald,jmcdonaldrn@parallels.com,Female,39.162.211.12
997,Lisa,Baker,lbakerro@state.gov,Female,143.193.5.36
998,Kathryn,Alexander,kalexanderrp@twitpic.com,Female,251.197.195.122
999,Gary,Elliott,gelliottrq@usa.gov,Male,7.14.126.237
1000,Denise,Rogers,drogersrr@163.com,Female,140.70.93.13
